YEAR,PERIODE,AIRCRAFT TYPE,FLIGHT NUMBER_CITYPAIR,SERVICE TYPE,SUB-SERVICE,ROUNDTRIPROUTE,FLIGHT ROUTE,AC REG,Region,QUARTER,GA Service,AIRCRAFT TYPE GROUPING
2024.0,JAN,AC738,GA0072.CGK-TKG.[CGK-TKG],DOM,DOM_2 (JKT),CGK-TKG-CGK,CGK-TKG,PKGNR,DOM_WEST,Q1,IBB,B738NG
2025.0,FEB,AC773,GA0073.TKG-CGK.[TKG-CGK],INT,INT_5 (AMS)-EUR,CGK-AMS-CGK,TKG-CGK,PKGFJ,INT,Q2,EUR,B773ER
,MAR,AC73G,GA0088.CGK-AMS.[CGK-AMS],,DOM_1 (MES),CGK-PLM-CGK,CGK-AMS,PKGNA,DOM_EAST,Q3,IBT,A333
,APR,AC330,GA0089.AMS-CGK.[AMS-CGK],,DOM_3 (SUB),CGK-MES-CGK,AMS-CGK,PKGMW,MEA,Q4,SWP,A332
,MAY,AC33R,GA0102.CGK-PLM.[CGK-PLM],,DOM_3 (DPS),CGK-DJB-CGK,CGK-PLM,PKGNN,,,ASA,A339
,JUN,AC334,GA0107.PLM-CGK.[PLM-CGK],,DOM_4 (UPG),CGK-PGK-CGK,PLM-CGK,PKGFQ,,,JPK,
,JUL,AC32E,GA0107.PLM-CGK.[PLM-PLM],,INT_4 (SYD),CGK-BTJ-CGK,CGK-MES,PKGMU,,,CTH,
,AUG,AC339,GA0108.CGK-PLM.[CGK-PLM],,INT_1 (SIN),CGK-PDG-CGK,MES-CGK,PKGMM,,,MEA,
,SEP,AC777,GA0113.PLM-CGK.[PLM-CGK],,INT_2 (TYO),CGK-BTH-CGK,CGK-DJB,PKGFV,,,,
,OCT,AC33E,GA0118.CGK-MES.[CGK-MES],,INT_3 (SHA),CGK-PKU-CGK,DJB-CGK,PKGMX,,,,
,NOV,AC73H,GA0121.MES-CGK.[MES-CGK],,INT_5 (AMS)-MEA,CGK-YIA-CGK,CGK-PGK,PKGMY,,,,
,DEC,,GA0126.CGK-DJB.[CGK-DJB],,,CGK-SOC-CGK,PGK-CGK,PKGFS,,,,
,,,GA0127.DJB-CGK.[DJB-CGK],,,CGK-SRG-CGK,CGK-BTJ,PKGFH,,,,
,,,GA0136.CGK-PGK.[CGK-PGK],,,YIA-DPS-YIA,BTJ-CGK,PKGNG,,,,
,,,GA0137.PGK-CGK.[PGK-CGK],,,CGK-MLG-CGK,CGK-PDG,PKGNE,,,,
,,,GA0146.CGK-BTJ.[CGK-BTJ],,,CGK-BKS-CGK,PDG-CGK,PKGFX,,,,
,,,GA0146.CGK-BTJ.[CGK-CGK],,,CGK-SUB-CGK,CGK-BTH,PKGMC,,,,
,,,GA0147.BTJ-CGK.[BTJ-CGK],,,SUB-DPS-SUB,BTH-CGK,PKGUC,,,,
,,,GA0148.CGK-PDG.[CGK-PDG],,,CGK-DPS-CGK,CGK-PKU,PKGFU,,,,
,,,GA0149.PDG-CGK.[PDG-CGK],,,CGK-AMI-CGK,PKU-CGK,PKGFP,,,,
,,,GA0154.CGK-BTH.[CGK-BTH],,,CGK-SUB-KOE-SUB-CGK,CGK-YIA,PKGMI,,,,
,,,GA0157.BTH-CGK.[BTH-CGK],,,CGK-LBJ-CGK,YIA-CGK,PKGIG,,,,
,,,GA0164.CGK-PDG.[CGK-PDG],,,CGK-PNK-CGK,SOC-CGK,PKGIF,,,,
,,,GA0167.PDG-CGK.[PDG-CGK],,,CGK-BDJ-CGK,CGK-SOC,PKGUE,,,,
,,,GA0172.CGK-PKU.[CGK-PKU],,,CGK-BPN-CGK,CGK-SRG,PKGNF,,,,
,,,GA0175.PKU-CGK.[PKU-CGK],,,CGK-MDC-CGK,SRG-CGK,PKGNC,,,,
,,,GA0176.CGK-PKU.[CGK-PKU],,,CGK-UPG-KDI-UPG-CGK,YIA-DPS,PKGNQ,,,,
,,,GA0179.PKU-CGK.[PKU-CGK],,,CGK-UPG-PLW-UPG-CGK,DPS-YIA,PKGMA,,,,
,,,GA0182.CGK-MES.[CGK-MES],,,CGK-UPG-CGK,CGK-MLG,PKGFW,,,,
,,,GA0183.MES-CGK.[MES-CGK],,,CGK-PLW-CGK,MLG-CGK,PKGMF,,,,
,,,GA0185.MES-CGK.[MES-CGK],,,CGK-UPG-GTO-UPG-CGK,CGK-BKS,PKGFF,,,,
,,,GA0186.CGK-MES.[CGK-MES],,,CGK-GTO-CGK,BKS-CGK,PKGMV,,,,
,,,GA0189.MES-CGK.[MES-CGK],,,CGK-TTE-CGK,SUB-CGK,PKGUD,,,,
,,,GA0204.CGK-YIA.[CGK-YIA],,,CGK-DJJ-CGK,CGK-SUB,PKGFG,,,,
,,,GA0205.YIA-CGK.[YIA-CGK],,,CGK-SOQ-CGK,SUB-DPS,PKGMD,,,,
,,,GA0208.CGK-YIA.[CGK-YIA],,,CGK-SYD-CGK,DPS-SUB,PKGFD,,,,
,,,GA0209.YIA-CGK.[YIA-CGK],,,DPS-SYD-DPS,CGK-DPS,PKGFI,,,,
,,,GA0212.CGK-YIA.[CGK-YIA],,,CGK-KUL-CGK,DPS-CGK,PKGPW,,,,
,,,GA0213.YIA-CGK.[YIA-CGK],,,CGK-SIN-CGK,CGK-AMI,PKGNH,,,,
,,,GA0221.SOC-CGK.[SOC-CGK],,,DPS-SIN-DPS,AMI-CGK,PKGMP,,,,
,,,GA0222.CGK-SOC.[CGK-SOC],,,CGK-BKK-CGK,CGK-SUB-KOE,PKGFM,,,,
,,,GA0225.SOC-CGK.[SOC-CGK],,,CGK-HND-CGK,KOE-SUB-CGK,PKGPE,,,,
,,,GA0228.CGK-SOC.[CGK-SOC],,,CGK-ICN-CGK,CGK-LBJ,PKGHC,,,,
,,,GA0232.CGK-SRG.[CGK-SRG],,,CGK-CAN-CGK,LBJ-CGK,PKGPM,,,,
,,,GA0235.SRG-CGK.[SRG-CGK],,,CGK-JED-CGK,CGK-PNK,PKGPZ,,,,
,,,GA0242.CGK-SRG.[CGK-SRG],,,DPS-LBJ-DPS,CGK-BDJ,PKGHA,,,,
,,,GA0245.SRG-CGK.[SRG-CGK],,,DPS-UPG-DPS,BDJ-CGK,PKGHG,,,,
,,,GA0252.YIA-DPS.[YIA-DPS],,,DPS-SOQ-UPG-DPS,CGK-BPN,PKGPY,,,,
,,,GA0253.DPS-YIA.[DPS-YIA],,,CGK-MEL-CGK,BPN-CGK,PKGPT,,,,
,,,GA0290.CGK-MLG.[CGK-MLG],,,DPS-TYO-DPS,CGK-MDC,PKGPV,,,,
,,,GA0291.MLG-CGK.[MLG-CGK],,,DPS-MEL-DPS,MDC-CGK,PKGHD,,,,
,,,GA0296.CGK-BKS.[CGK-BKS],,,CGK-AMQ-CGK,CGK-UPG-KDI,PKGIC,,,,
,,,GA0297.BKS-CGK.[BKS-CGK],,,DPS-ICN-DPS,KDI-UPG-CGK,PKGPU,,,,
,,,GA0305.SUB-CGK.[SUB-CGK],,,CGK-SHA-CGK,CGK-UPG-PLW,PKGIK,,,,
,,,GA0312.CGK-SUB.[CGK-SUB],,,SUB-SIN-SUB,PLW-UPG-CGK,PKGPX,,,,
,,,GA0317.SUB-CGK.[SUB-CGK],,,DPS-MDC-TYO-MDC-DPS,CGK-UPG,PKGIA,,,,
,,,GA0320.CGK-SUB.[CGK-SUB],,,CGK-MED-CGK,UPG-CGK,PKGII,,,,
,,,GA0322.CGK-SUB.[CGK-SUB],,,CGK-PKY-CGK,CGK-PLW,PKGIH,,,,
,,,GA0325.SUB-CGK.[SUB-CGK],,,CGK-TNJ-CGK,PLW-CGK,PKGHE,,,,
,,,GA0326.CGK-SUB.[CGK-SUB],,,CGK-HKG-CGK,CGK-UPG-GTO,PKGPF,,,,
,,,GA0327.SUB-CGK.[SUB-CGK],,,BIK-DJJ-BIK,GTO-UPG-CGK,PKGIJ,,,,
,,,GA0342.SUB-DPS.[SUB-DPS],,,CGK-MED-JED-CGK,CGK-GTO,PKGUA,,,,
,,,GA0349.DPS-SUB.[DPS-SUB],,,TIM-DJJ-TIM,GTO-CGK,PKGFR,,,,
,,,GA0400.CGK-DPS.[CGK-DPS],,,DJJ-MKQ-DJJ,CGK-TTE,PKGHF,,,,
,,,GA0401.DPS-CGK.[DPS-CGK],,,BTJ-JED-BTJ,TTE-CGK,PKGNM,,,,
,,,GA0402.CGK-DPS.[CGK-DPS],,,UPG-KDI-UPG,CGK-DJJ,PKGUF,,,,
,,,GA0403.DPS-CGK.[DPS-CGK],,,DPS-SOQ-DPS,DJJ-CGK,PKGPO,,,,
,,,GA0404.CGK-DPS.[CGK-DPS],,,CGK-DOH-CGK,CGK-SOQ,PKGUG,,,,
,,,GA0407.DPS-CGK.[DPS-CGK],,,MDC-UPG-MDC,SOQ-CGK,PKGUI,,,,
,,,GA0408.CGK-DPS.[CGK-DPS],,,CGK-SOQ-UPG-DPS,CGK-SYD,PKGUH,,,,
,,,GA0409.DPS-CGK.[DPS-CGK],,,DPS-AMI-DPS,SYD-CGK,,,,,
,,,GA0410.CGK-DPS.[CGK-DPS],,,HLP-PDG-HLP,DPS-SYD,,,,,
,,,GA0411.DPS-CGK.[DPS-CGK],,,CGK-KOE-CGK,SYD-DPS,,,,,
,,,GA0414.CGK-DPS.[CGK-DPS],,,HLP-SUB-HLP,CGK-KUL,,,,,
,,,GA0415.DPS-CGK.[DPS-CGK],,,HLP-MES-HLP,KUL-CGK,,,,,
,,,GA0417.DPS-CGK.[DPS-CGK],,,UPG-TTE-UPG,CGK-SIN,,,,,
,,,GA0419.DPS-CGK.[DPS-CGK],,,DPS-BPN-DPS,SIN-CGK,,,,,
,,,GA0420.CGK-DPS.[CGK-DPS],,,BPN-UPG-BPN,DPS-SIN,,,,,
,,,GA0422.CGK-DPS.[CGK-DPS],,,,SIN-DPS,,,,,
,,,GA0430.CGK-AMI.[CGK-AMI],,,,CGK-BKK,,,,,
,,,GA0433.AMI-CGK.[AMI-CGK],,,,BKK-CGK,,,,,
,,,GA0448.CGK-SUB-KOE.[CGK-KOE],,,,CGK-HND,,,,,
,,,GA0448.CGK-SUB-KOE.[CGK-SUB],,,,HND-CGK,,,,,
,,,GA0448.CGK-SUB-KOE.[SUB-KOE],,,,CGK-ICN,,,,,
,,,GA0449.KOE-SUB-CGK.[KOE-CGK],,,,ICN-CGK,,,,,
,,,GA0449.KOE-SUB-CGK.[KOE-SUB],,,,CGK-CAN,,,,,
,,,GA0449.KOE-SUB-CGK.[SUB-CGK],,,,CAN-CGK,,,,,
,,,GA0452.CGK-LBJ.[CGK-LBJ],,,,CGK-JED,,,,,
,,,GA0453.LBJ-CGK.[LBJ-CGK],,,,JED-CGK,,,,,
,,,GA0504.CGK-PNK.[CGK-PNK],,,,LBJ-DPS,,,,,
,,,GA0530.CGK-BDJ.[CGK-BDJ],,,,DPS-UPG,,,,,
,,,GA0533.BDJ-CGK.[BDJ-CGK],,,,SOQ-UPG-DPS,,,,,
,,,GA0535.BDJ-CGK.[BDJ-CGK],,,,CGK-MEL,,,,,
,,,GA0536.CGK-BDJ.[CGK-BDJ],,,,DPS-TYO,,,,,
,,,GA0564.CGK-BPN.[CGK-BPN],,,,TYO-DPS,,,,,
,,,GA0567.BPN-CGK.[BPN-CGK],,,,MEL-CGK,,,,,
,,,GA0572.CGK-BPN.[CGK-BPN],,,,MEL-DPS,,,,,
,,,GA0572.CGK-BPN.[CGK-CGK],,,,AMQ-CGK,,,,,
,,,GA0575.BPN-CGK.[BPN-CGK],,,,DPS-ICN,,,,,
,,,GA0600.CGK-MDC.[CGK-MDC],,,,CGK-AMQ,,,,,
,,,GA0601.MDC-CGK.[MDC-CGK],,,,ICN-DPS,,,,,
,,,GA0604.CGK-UPG-KDI.[CGK-KDI],,,,DPS-MEL,,,,,
,,,GA0604.CGK-UPG-KDI.[CGK-UPG],,,,DPS-LBJ,,,,,
,,,GA0604.CGK-UPG-KDI.[UPG-KDI],,,,SHA-CGK,,,,,
,,,GA0605.KDI-UPG-CGK.[KDI-CGK],,,,CGK-SHA,,,,,
,,,GA0605.KDI-UPG-CGK.[KDI-UPG],,,,PNK-CGK,,,,,
,,,GA0605.KDI-UPG-CGK.[UPG-CGK],,,,SIN-SUB,,,,,
,,,GA0606.CGK-MDC.[CGK-MDC],,,,DPS-MDC-TYO,,,,,
,,,GA0607.MDC-CGK.[MDC-CGK],,,,TYO-MDC-DPS,,,,,
,,,GA0608.CGK-UPG-PLW.[CGK-PLW],,,,SUB-SIN,,,,,
,,,GA0608.CGK-UPG-PLW.[CGK-UPG],,,,MED-CGK,,,,,
,,,GA0608.CGK-UPG-PLW.[UPG-PLW],,,,PKY-CGK,,,,,
,,,GA0609.PLW-UPG-CGK.[PLW-CGK],,,,CGK-PKY,,,,,
,,,GA0609.PLW-UPG-CGK.[PLW-UPG],,,,CGK-MED,,,,,
,,,GA0609.PLW-UPG-CGK.[UPG-CGK],,,,TNJ-CGK,,,,,
,,,GA0616.CGK-UPG.[CGK-UPG],,,,CGK-HKG,,,,,
,,,GA0617.UPG-CGK.[UPG-CGK],,,,HKG-CGK,,,,,
,,,GA0617.UPG-CGK.[UPG-UPG],,,,CGK-TNJ,,,,,
,,,GA0622.CGK-PLW.[CGK-PLW],,,,BIK-DJJ,,,,,
,,,GA0622.CGK-PLW.[CGK-CGK],,,,DJJ-TIM,,,,,
,,,GA0622.CGK-PLW.[BPN-PLW],,,,DJJ-BIK,,,,,
,,,GA0622.CGK-PLW.[CGK-BPN],,,,MKQ-DJJ,,,,,
,,,GA0623.PLW-CGK.[PLW-CGK],,,,TIM-DJJ,,,,,
,,,GA0640.CGK-UPG.[CGK-UPG],,,,MED-JED-CGK,,,,,
,,,GA0641.UPG-CGK.[UPG-CGK],,,,DJJ-MKQ,,,,,
,,,GA0642.CGK-UPG-GTO.[CGK-GTO],,,,DPS-SOQ,,,,,
,,,GA0642.CGK-UPG-GTO.[CGK-UPG],,,,JED-BTJ,,,,,
,,,GA0642.CGK-UPG-GTO.[UPG-GTO],,,,BTJ-JED,,,,,
,,,GA0643.GTO-UPG-CGK.[GTO-CGK],,,,UPG-KDI,,,,,
,,,GA0643.GTO-UPG-CGK.[GTO-UPG],,,,KDI-UPG,,,,,
,,,GA0643.GTO-UPG-CGK.[UPG-CGK],,,,MED-JED,,,,,
,,,GA0644.CGK-GTO.[CGK-GTO],,,,UPG-DPS,,,,,
,,,GA0645.GTO-CGK.[GTO-CGK],,,,SOQ-DPS,,,,,
,,,GA0648.CGK-TTE.[CGK-TTE],,,,CGK-DOH,,,,,
,,,GA0649.TTE-CGK.[TTE-CGK],,,,DOH-CGK,,,,,
,,,GA0656.CGK-DJJ.[CGK-DJJ],,,,MDC-UPG,,,,,
,,,GA0657.DJJ-CGK.[DJJ-CGK],,,,UPG-MDC,,,,,
,,,GA0682.CGK-SOQ.[CGK-SOQ],,,,AMI-DPS,,,,,
,,,GA0683.SOQ-CGK.[SOQ-CGK],,,,DPS-AMI,,,,,
,,,GA0712.CGK-SYD.[CGK-SYD],,,,PDG-HLP,,,,,
,,,GA0713.SYD-CGK.[SYD-CGK],,,,CGK-KOE,,,,,
,,,GA0714.DPS-SYD.[DPS-SYD],,,,KOE-CGK,,,,,
,,,GA0714.DPS-SYD.[DPS-DPS],,,,HLP-SUB,,,,,
,,,GA0715.SYD-DPS.[SYD-DPS],,,,HLP-MES,,,,,
,,,GA0820.CGK-KUL.[CGK-KUL],,,,HLP-PDG,,,,,
,,,GA0821.KUL-CGK.[KUL-CGK],,,,MES-HLP,,,,,
,,,GA0828.CGK-SIN.[CGK-SIN],,,,SUB-HLP,,,,,
,,,GA0832.CGK-SIN.[CGK-SIN],,,,UPG-TTE,,,,,
,,,GA0832.CGK-SIN.[CGK-CGK],,,,BPN-DPS,,,,,
,,,GA0836.CGK-SIN.[CGK-SIN],,,,BPN-UPG,,,,,
,,,GA0837.SIN-CGK.[SIN-CGK],,,,UPG-BPN,,,,,
,,,GA0842.DPS-SIN.[DPS-SIN],,,,DPS-BPN,,,,,
,,,GA0843.SIN-DPS.[SIN-DPS],,,,TTE-UPG,,,,,
,,,GA0866.CGK-BKK.[CGK-BKK],,,,,,,,,
,,,GA0867.BKK-CGK.[BKK-CGK],,,,,,,,,
,,,GA0874.CGK-HND.[CGK-HND],,,,,,,,,
,,,GA0875.HND-CGK.[HND-CGK],,,,,,,,,
,,,GA0878.CGK-ICN.[CGK-ICN],,,,,,,,,
,,,GA0879.ICN-CGK.[ICN-CGK],,,,,,,,,
,,,GA0898.CGK-CAN.[CGK-CAN],,,,,,,,,
,,,GA0898.CGK-CAN.[CGK-CGK],,,,,,,,,
,,,GA0899.CAN-CGK.[CAN-CGK],,,,,,,,,
,,,GA0980.CGK-JED.[CGK-JED],,,,,,,,,
,,,GA0981.JED-CGK.[JED-CGK],,,,,,,,,
,,,GA0982.CGK-JED.[CGK-JED],,,,,,,,,
,,,GA0983.JED-CGK.[JED-CGK],,,,,,,,,
,,,GA7037.LBJ-DPS.[LBJ-DPS],,,,,,,,,
,,,GA0829.SIN-CGK.[SIN-CGK],,,,,,,,,
,,,GA0432.CGK-AMI.[CGK-AMI],,,,,,,,,
,,,GA0833.SIN-CGK.[SIN-CGK],,,,,,,,,
,,,GA0620.DPS-UPG.[DPS-UPG],,,,,,,,,
,,,GA0621.SOQ-UPG-DPS.[SOQ-DPS],,,,,,,,,
,,,GA0621.SOQ-UPG-DPS.[SOQ-UPG],,,,,,,,,
,,,GA0621.SOQ-UPG-DPS.[UPG-DPS],,,,,,,,,
,,,GA0207.YIA-CGK.[YIA-CGK],,,,,,,,,
,,,GA0231.SRG-CGK.[SRG-CGK],,,,,,,,,
,,,GA0231.SRG-CGK.[SRG-SRG],,,,,,,,,
,,,GA0716.CGK-MEL.[CGK-MEL],,,,,,,,,
,,,GA0880.DPS-TYO.[DPS-TYO],,,,,,,,,
,,,GA0881.TYO-DPS.[TYO-DPS],,,,,,,,,
,,,GA0152.CGK-BTH.[CGK-BTH],,,,,,,,,
,,,GA0155.BTH-CGK.[BTH-CGK],,,,,,,,,
,,,GA0717.MEL-CGK.[MEL-CGK],,,,,,,,,
,,,GA0425.DPS-CGK.[DPS-CGK],,,,,,,,,
,,,GA0426.CGK-DPS.[CGK-DPS],,,,,,,,,
,,,GA0416.CGK-DPS.[CGK-DPS],,,,,,,,,
,,,GA0075.TKG-CGK.[TKG-CGK],,,,,,,,,
,,,GA0246.CGK-SRG.[CGK-SRG],,,,,,,,,
,,,GA0074.CGK-TKG.[CGK-TKG],,,,,,,,,
,,,GA0310.CGK-SUB.[CGK-SUB],,,,,,,,,
,,,GA0119.PLM-CGK.[PLM-CGK],,,,,,,,,
,,,GA0719.MEL-DPS.[MEL-DPS],,,,,,,,,
,,,GA0315.SUB-CGK.[SUB-CGK],,,,,,,,,
,,,GA0647.AMQ-CGK.[AMQ-CGK],,,,,,,,,
,,,GA0870.DPS-ICN.[DPS-ICN],,,,,,,,,
,,,GA0646.CGK-AMQ.[CGK-AMQ],,,,,,,,,
,,,GA0871.ICN-DPS.[ICN-DPS],,,,,,,,,
,,,GA0114.CGK-PLM.[CGK-PLM],,,,,,,,,
,,,GA0187.MES-CGK.[MES-CGK],,,,,,,,,
,,,GA0184.CGK-MES.[CGK-MES],,,,,,,,,
,,,GA0718.DPS-MEL.[DPS-MEL],,,,,,,,,
,,,GA0206.CGK-YIA.[CGK-YIA],,,,,,,,,
,,,GA7036.DPS-LBJ.[DPS-LBJ],,,,,,,,,
,,,GA0190.CGK-MES.[CGK-MES],,,,,,,,,
,,,GA0895.SHA-CGK.[SHA-CGK],,,,,,,,,
,,,GA0894.CGK-SHA.[CGK-SHA],,,,,,,,,
,,,GA0894.CGK-SHA.[CGK-XMN],,,,,,,,,
,,,GA0894.CGK-SHA.[XMN-SHA],,,,,,,,,
,,,GA0822.CGK-SIN.[CGK-SIN],,,,,,,,,
,,,GA0304.CGK-SUB.[CGK-SUB],,,,,,,,,
,,,GA0140.CGK-BTJ.[CGK-BTJ],,,,,,,,,
,,,GA0141.BTJ-CGK.[BTJ-CGK],,,,,,,,,
,,,GA0823.SIN-CGK.[SIN-CGK],,,,,,,,,
,,,GA0503.PNK-CGK.[PNK-CGK],,,,,,,,,
,,,GA0328.CGK-SUB.[CGK-SUB],,,,,,,,,
,,,GA0537.BDJ-CGK.[BDJ-CGK],,,,,,,,,
,,,GA0855.SIN-SUB.[SIN-SUB],,,,,,,,,
,,,GA0817.KUL-CGK.[KUL-CGK],,,,,,,,,
,,,GA0532.CGK-BDJ.[CGK-BDJ],,,,,,,,,
,,,GA0816.CGK-KUL.[CGK-KUL],,,,,,,,,
,,,GA0884.DPS-MDC-TYO.[DPS-MDC],,,,,,,,,
,,,GA0884.DPS-MDC-TYO.[DPS-TYO],,,,,,,,,
,,,GA0884.DPS-MDC-TYO.[MDC-TYO],,,,,,,,,
,,,GA0885.TYO-MDC-DPS.[MDC-DPS],,,,,,,,,
,,,GA0885.TYO-MDC-DPS.[TYO-DPS],,,,,,,,,
,,,GA0885.TYO-MDC-DPS.[TYO-MDC],,,,,,,,,
,,,GA0854.SUB-SIN.[SUB-SIN],,,,,,,,,
,,,GA0431.AMI-CGK.[AMI-CGK],,,,,,,,,
,,,GA0134.CGK-DJB.[CGK-DJB],,,,,,,,,
,,,GA0101.PLM-CGK.[PLM-CGK],,,,,,,,,
,,,GA0110.CGK-PLM.[CGK-PLM],,,,,,,,,
,,,GA0135.DJB-CGK.[DJB-CGK],,,,,,,,,
,,,GA0869.BKK-CGK.[BKK-CGK],,,,,,,,,
,,,GA0868.CGK-BKK.[CGK-BKK],,,,,,,,,
,,,GA6422.CGK-UPG.[CGK-UPG],,,,,,,,,
,,,GA6433.UPG-CGK.[UPG-CGK],,,,,,,,,
,,,GA0313.SUB-CGK.[SUB-CGK],,,,,,,,,
,,,GA0319.SUB-CGK.[SUB-CGK],,,,,,,,,
,,,GA0421.DPS-CGK.[DPS-CGK],,,,,,,,,
,,,GA0969.MED-CGK.[MED-CGK],,,,,,,,,
,,,GA0555.PKY-CGK.[PKY-CGK],,,,,,,,,
,,,GA0554.CGK-PKY.[CGK-PKY],,,,,,,,,
,,,GA0968.CGK-MED.[CGK-MED],,,,,,,,,
,,,GA0512.CGK-PNK.[CGK-PNK],,,,,,,,,
,,,GA0513.PNK-CGK.[PNK-CGK],,,,,,,,,
,,,GA0990.CGK-JED.[CGK-JED],,,,,,,,,
,,,GA0991.JED-CGK.[JED-CGK],,,,,,,,,
,,,GA0077.TKG-CGK.[TKG-CGK],,,,,,,,,
,,,GA0289.TNJ-CGK.[TNJ-CGK],,,,,,,,,
,,,GA0860.CGK-HKG.[CGK-HKG],,,,,,,,,
,,,GA0076.CGK-TKG.[CGK-TKG],,,,,,,,,
,,,GA0076.CGK-TKG.[CGK-CGK],,,,,,,,,
,,,GA0863.HKG-CGK.[HKG-CGK],,,,,,,,,
,,,GA0288.CGK-TNJ.[CGK-TNJ],,,,,,,,,
,,,GA0423.DPS-CGK.[DPS-CGK],,,,,,,,,
,,,GA6824.CGK-SOQ.[CGK-SOQ],,,,,,,,,
,,,GA6834.SOQ-CGK.[SOQ-CGK],,,,,,,,,
,,,GA0418.CGK-DPS.[CGK-DPS],,,,,,,,,
,,,GA0226.CGK-SOC.[CGK-SOC],,,,,,,,,
,,,GA0227.SOC-CGK.[SOC-CGK],,,,,,,,,
,,,GA0612.CGK-UPG.[CGK-UPG],,,,,,,,,
,,,GA0632.BIK-DJJ.[BIK-DJJ],,,,,,,,,
,,,GA9688.CGK-MED.[CGK-MED],,,,,,,,,
,,,GA0635.DJJ-TIM.[DJJ-TIM],,,,,,,,,
,,,GA0633.DJJ-BIK.[DJJ-BIK],,,,,,,,,
,,,GA0673.MKQ-DJJ.[MKQ-DJJ],,,,,,,,,
,,,GA0613.UPG-CGK.[UPG-CGK],,,,,,,,,
,,,GA0634.TIM-DJJ.[TIM-DJJ],,,,,,,,,
,,,GA0667.DJJ-CGK.[DJJ-CGK],,,,,,,,,
,,,GA0668.CGK-DJJ.[CGK-DJJ],,,,,,,,,
,,,GA9699.MED-JED-CGK.[JED-CGK],,,,,,,,,
,,,GA9699.MED-JED-CGK.[MED-CGK],,,,,,,,,
,,,GA9699.MED-JED-CGK.[MED-JED],,,,,,,,,
,,,GA0665.DJJ-CGK.[DJJ-CGK],,,,,,,,,
,,,GA0672.DJJ-MKQ.[DJJ-MKQ],,,,,,,,,
,,,GA2424.CGK-SRG.[CGK-SRG],,,,,,,,,
,,,GA0603.MDC-CGK.[MDC-CGK],,,,,,,,,
,,,GA0615.UPG-CGK.[UPG-CGK],,,,,,,,,
,,,GA2454.SRG-CGK.[SRG-CGK],,,,,,,,,
,,,GA0602.CGK-MDC.[CGK-MDC],,,,,,,,,
,,,GA0686.DPS-SOQ.[DPS-SOQ],,,,,,,,,
,,,GA0424.CGK-DPS.[CGK-DPS],,,,,,,,,
,,,GA3494.SUB-DPS.[SUB-DPS],,,,,,,,,
,,,GA1894.MES-CGK.[MES-CGK],,,,,,,,,
,,,GA1864.CGK-MES.[CGK-MES],,,,,,,,,
,,,GA0413.DPS-CGK.[DPS-CGK],,,,,,,,,
,,,GA3124.CGK-SUB.[CGK-SUB],,,,,,,,,
,,,GA3134.SUB-CGK.[SUB-CGK],,,,,,,,,
,,,GA2324.CGK-SRG.[CGK-SRG],,,,,,,,,
,,,GA2354.SRG-CGK.[SRG-CGK],,,,,,,,,
,,,GA1844.CGK-MES.[CGK-MES],,,,,,,,,
,,,GA6174.UPG-CGK.[UPG-CGK],,,,,,,,,
,,,GA3424.DPS-SUB.[DPS-SUB],,,,,,,,,
,,,GA1874.MES-CGK.[MES-CGK],,,,,,,,,
,,,GA0308.CGK-SUB.[CGK-SUB],,,,,,,,,
,,,GA0311.SUB-CGK.[SUB-CGK],,,,,,,,,
,,,GA9830.JED-BTJ.[JED-BTJ],,,,,,,,,
,,,GA0435.AMI-CGK.[AMI-CGK],,,,,,,,,
,,,GA0434.CGK-AMI.[CGK-AMI],,,,,,,,,
,,,GA1914.MES-CGK.[MES-CGK],,,,,,,,,
,,,GA9820.BTJ-JED.[BTJ-JED],,,,,,,,,
,,,GA2900.CGK-SUB.[CGK-SUB],,,,,,,,,
,,,GA1464.CGK-BTJ.[CGK-BTJ],,,,,,,,,
,,,GA1884.CGK-MES.[CGK-MES],,,,,,,,,
,,,GA6055.UPG-CGK.[UPG-CGK],,,,,,,,,
,,,GA3499.DPS-SUB.[DPS-SUB],,,,,,,,,
,,,GA3422.SUB-DPS.[SUB-DPS],,,,,,,,,
,,,GA2911.SUB-CGK.[SUB-CGK],,,,,,,,,
,,,GA1474.BTJ-CGK.[BTJ-CGK],,,,,,,,,
,,,GA0182.CGK-MES.[CGK-CGK],,,,,,,,,
,,,GA0221.SOC-CGK.[SOC-SOC],,,,,,,,,
,,,GA0225.SOC-CGK.[SOC-SOC],,,,,,,,,
,,,GA0640.CGK-UPG.[CGK-CGK],,,,,,,,,
,,,GA0712.CGK-SYD.[CGK-CGK],,,,,,,,,
,,,GA0713.SYD-CGK.[SYD-SYD],,,,,,,,,
,,,GA0833.SIN-CGK.[SIN-SIN],,,,,,,,,
,,,GA0416.CGK-DPS.[CGK-CGK],,,,,,,,,
,,,GA0647.AMQ-CGK.[AMQ-AMQ],,,,,,,,,
,,,GA0190.CGK-MES.[CGK-CGK],,,,,,,,,
,,,GA0532.CGK-BDJ.[BPN-BDJ],,,,,,,,,
,,,GA0532.CGK-BDJ.[CGK-BPN],,,,,,,,,
,,,GA1364.CGK-PGK.[CGK-PGK],,,,,,,,,
,,,GA2904.CGK-MLG.[CGK-MLG],,,,,,,,,
,,,GA1834.MES-CGK.[MES-CGK],,,,,,,,,
,,,GA1484.CGK-PDG.[CGK-PDG],,,,,,,,,
,,,GA6044.UPG-KDI.[UPG-KDI],,,,,,,,,
,,,GA1897.MES-CGK.[MES-CGK],,,,,,,,,
,,,GA6124.CGK-UPG.[CGK-UPG],,,,,,,,,
,,,GA1494.PDG-CGK.[PDG-CGK],,,,,,,,,
,,,GA1904.CGK-MES.[CGK-MES],,,,,,,,,
,,,GA6134.UPG-CGK.[UPG-CGK],,,,,,,,,
,,,GA0560.CGK-BPN.[CGK-BPN],,,,,,,,,
,,,GA1544.CGK-BTH.[CGK-BTH],,,,,,,,,
,,,GA1554.BTH-CGK.[BTH-CGK],,,,,,,,,
,,,GA0563.BPN-CGK.[BPN-CGK],,,,,,,,,
,,,GA2914.MLG-CGK.[MLG-CGK],,,,,,,,,
,,,GA6054.KDI-UPG.[KDI-UPG],,,,,,,,,
,,,GA5634.BPN-CGK.[BPN-CGK],,,,,,,,,
,,,GA4284.CGK-DPS.[CGK-DPS],,,,,,,,,
,,,GA5134.PNK-CGK.[PNK-CGK],,,,,,,,,
,,,GA5604.CGK-BPN.[CGK-BPN],,,,,,,,,
,,,GA1374.PGK-CGK.[PGK-CGK],,,,,,,,,
,,,GA4114.DPS-CGK.[DPS-CGK],,,,,,,,,
,,,GA5124.CGK-PNK.[CGK-PNK],,,,,,,,,
,,,GA5034.PNK-CGK.[PNK-CGK],,,,,,,,,
,,,GA1824.CGK-MES.[CGK-MES],,,,,,,,,
,,,GA4047.DPS-CGK.[DPS-CGK],,,,,,,,,
,,,GA4174.DPS-CGK.[DPS-CGK],,,,,,,,,
,,,GA2054.YIA-CGK.[YIA-CGK],,,,,,,,,
,,,GA5044.CGK-PNK.[CGK-PNK],,,,,,,,,
,,,GA4104.CGK-DPS.[CGK-DPS],,,,,,,,,
,,,GA4046.CGK-DPS.[CGK-DPS],,,,,,,,,
,,,GA2044.CGK-YIA.[CGK-YIA],,,,,,,,,
,,,GA1866.CGK-MES.[CGK-MES],,,,,,,,,
,,,GA4084.CGK-DPS.[CGK-DPS],,,,,,,,,
,,,GA4294.DPS-CGK.[DPS-CGK],,,,,,,,,
,,,GA0971.JED-CGK.[JED-CGK],,,,,,,,,
,,,GA0961.MED-JED.[MED-JED],,,,,,,,,
,,,GA0121.MES-CGK.[MES-MES],,,,,,,,,
,,,GA0504.CGK-PNK.[CGK-PLM],,,,,,,,,
,,,GA0504.CGK-PNK.[PLM-PNK],,,,,,,,,
,,,GA0600.CGK-MDC.[CGK-GTO],,,,,,,,,
,,,GA0600.CGK-MDC.[GTO-MDC],,,,,,,,,
,,,GA0643.GTO-UPG-CGK.[BDJ-UPG],,,,,,,,,
,,,GA0643.GTO-UPG-CGK.[GTO-BDJ],,,,,,,,,
,,,GA0682.CGK-SOQ.[AMQ-SOQ],,,,,,,,,
,,,GA0682.CGK-SOQ.[CGK-AMQ],,,,,,,,,
,,,GA0899.CAN-CGK.[CAN-CAN],,,,,,,,,
,,,GA0881.TYO-DPS.[AMI-DPS],,,,,,,,,
,,,GA0881.TYO-DPS.[TYO-AMI],,,,,,,,,
,,,GA0246.CGK-SRG.[CGK-CGK],,,,,,,,,
,,,GA0646.CGK-AMQ.[CGK-UPG],,,,,,,,,
,,,GA0646.CGK-AMQ.[UPG-AMQ],,,,,,,,,
,,,GA0854.SUB-SIN.[SUB-SUB],,,,,,,,,
,,,GA0686.DPS-SOQ.[BIK-SOQ],,,,,,,,,
,,,GA0686.DPS-SOQ.[DPS-BIK],,,,,,,,,
,,,GA5044.CGK-PNK.[BTH-PNK],,,,,,,,,
,,,GA5044.CGK-PNK.[CGK-BTH],,,,,,,,,
,,,GA2084.CGK-YIA.[CGK-YIA],,,,,,,,,
,,,GA0664.CGK-DJJ.[CGK-DJJ],,,,,,,,,
,,,GA0610.CGK-UPG.[CGK-UPG],,,,,,,,,
,,,GA6211.UPG-DPS.[UPG-DPS],,,,,,,,,
,,,GA0651.DJJ-BIK.[DJJ-BIK],,,,,,,,,
,,,GA6866.DPS-SOQ.[DPS-SOQ],,,,,,,,,
,,,GA6877.SOQ-DPS.[SOQ-DPS],,,,,,,,,
,,,GA0202.CGK-YIA.[CGK-YIA],,,,,,,,,
,,,GA0427.DPS-CGK.[DPS-CGK],,,,,,,,,
,,,GA0203.YIA-CGK.[YIA-CGK],,,,,,,,,
,,,GA0196.CGK-MES.[CGK-MES],,,,,,,,,
,,,GA0659.MKQ-DJJ.[MKQ-DJJ],,,,,,,,,
,,,GA7152.SYD-DPS.[SYD-DPS],,,,,,,,,
,,,GA0611.UPG-CGK.[UPG-CGK],,,,,,,,,
,,,GA0156.CGK-BTH.[CGK-BTH],,,,,,,,,
,,,GA0193.MES-CGK.[MES-CGK],,,,,,,,,
,,,GA5544.CGK-PKY.[CGK-PKY],,,,,,,,,
,,,GA0650.BIK-DJJ.[BIK-DJJ],,,,,,,,,
,,,GA0159.BTH-CGK.[BTH-CGK],,,,,,,,,
,,,GA8334.SIN-CGK.[SIN-CGK],,,,,,,,,
,,,GA6657.DJJ-CGK.[DJJ-CGK],,,,,,,,,
,,,GA0977.MED-JED-CGK.[JED-CGK],,,,,,,,,
,,,GA0977.MED-JED-CGK.[MED-JED],,,,,,,,,
,,,GA0977.MED-JED-CGK.[MED-CGK],,,,,,,,,
,,,GA4024.CGK-DPS.[CGK-DPS],,,,,,,,,
,,,GA0978.CGK-MED.[CGK-MED],,,,,,,,,
,,,GA2094.YIA-CGK.[YIA-CGK],,,,,,,,,
,,,GA0136.CGK-PGK.[CGK-PLM],,,,,,,,,
,,,GA0136.CGK-PGK.[PLM-PGK],,,,,,,,,
,,,GA0146.CGK-BTJ.[CGK-MES],,,,,,,,,
,,,GA0146.CGK-BTJ.[MES-BTJ],,,,,,,,,
,,,GA0822.CGK-SIN.[CGK-CGK],,,,,,,,,
,,,GA7404.CGK-TKG.[CGK-TKG],,,,,,,,,
,,,GA0163.PDG-CGK.[PDG-CGK],,,,,,,,,
,,,GA0238.CGK-SRG.[CGK-SRG],,,,,,,,,
,,,GA3104.CGK-SUB.[CGK-SUB],,,,,,,,,
,,,GA7504.TKG-CGK.[TKG-CGK],,,,,,,,,
,,,GA0658.DJJ-MKQ.[DJJ-MKQ],,,,,,,,,
,,,GA2254.SOC-CGK.[SOC-CGK],,,,,,,,,
,,,GA0241.SRG-CGK.[SRG-CGK],,,,,,,,,
,,,GA0506.CGK-PNK.[CGK-PNK],,,,,,,,,
,,,GA4334.AMI-CGK.[AMI-CGK],,,,,,,,,
,,,GA0900.CGK-DOH.[CGK-DOH],,,,,,,,,
,,,GA0507.PNK-CGK.[PNK-CGK],,,,,,,,,
,,,GA0960.CGK-MED.[CGK-MED],,,,,,,,,
,,,GA1144.CGK-PLM.[CGK-PLM],,,,,,,,,
,,,GA1624.CGK-PDG.[CGK-PDG],,,,,,,,,
,,,GA0901.DOH-CGK.[DOH-CGK],,,,,,,,,
,,,GA8855.TYO-DPS.[TYO-DPS],,,,,,,,,
,,,GA0618.CGK-UPG.[CGK-UPG],,,,,,,,,
,,,GA0961.MED-CGK.[MED-CGK],,,,,,,,,
,,,GA0150.CGK-BTH.[CGK-BTH],,,,,,,,,
,,,GA0153.BTH-CGK.[BTH-CGK],,,,,,,,,
,,,GA0177.PKU-CGK.[PKU-CGK],,,,,,,,,
,,,GA0627.UPG-DPS.[UPG-DPS],,,,,,,,,
,,,GA2124.CGK-YIA.[CGK-YIA],,,,,,,,,
,,,GA0104.CGK-PLM.[CGK-PLM],,,,,,,,,
,,,GA3154.SUB-CGK.[SUB-CGK],,,,,,,,,
,,,GA0619.UPG-CGK.[UPG-CGK],,,,,,,,,
,,,GA1194.PLM-CGK.[PLM-CGK],,,,,,,,,
,,,GA0109.PLM-CGK.[PLM-CGK],,,,,,,,,
,,,GA0174.CGK-PKU.[CGK-PKU],,,,,,,,,
,,,GA1634.PDG-CGK.[PDG-CGK],,,,,,,,,
,,,GA5644.CGK-BPN.[CGK-BPN],,,,,,,,,
,,,GA3254.SUB-CGK.[SUB-CGK],,,,,,,,,
,,,GA5374.BDJ-CGK.[BDJ-CGK],,,,,,,,,
,,,GA1754.PKU-CGK.[PKU-CGK],,,,,,,,,
,,,GA0162.CGK-PDG.[CGK-PDG],,,,,,,,,
,,,GA6017.MDC-CGK.[MDC-CGK],,,,,,,,,
,,,GA2284.CGK-SOC.[CGK-SOC],,,,,,,,,
,,,GA0436.CGK-AMI.[CGK-AMI],,,,,,,,,
,,,GA0687.SOQ-DPS.[SOQ-DPS],,,,,,,,,
,,,GA4304.CGK-AMI.[CGK-AMI],,,,,,,,,
,,,GA0439.AMI-CGK.[AMI-CGK],,,,,,,,,
,,,GA1826.CGK-MES.[CGK-MES],,,,,,,,,
,,,GA1557.BTH-CGK.[BTH-CGK],,,,,,,,,
,,,GA0143.BTJ-CGK.[BTJ-CGK],,,,,,,,,
,,,GA1264.CGK-DJB.[CGK-DJB],,,,,,,,,
,,,GA2134.YIA-CGK.[YIA-CGK],,,,,,,,,
,,,GA1854.MES-CGK.[MES-CGK],,,,,,,,,
,,,GA5674.BPN-CGK.[BPN-CGK],,,,,,,,,
,,,GA4254.DPS-CGK.[DPS-CGK],,,,,,,,,
,,,GA2224.CGK-SOC.[CGK-SOC],,,,,,,,,
,,,GA2214.SOC-CGK.[SOC-CGK],,,,,,,,,
,,,GA1574.BTH-CGK.[BTH-CGK],,,,,,,,,
,,,GA0142.CGK-BTJ.[CGK-BTJ],,,,,,,,,
,,,GA5324.CGK-BDJ.[CGK-BDJ],,,,,,,,,
,,,GA1724.CGK-PKU.[CGK-PKU],,,,,,,,,
,,,GA7305.CGK-TKG.[CGK-TKG],,,,,,,,,
,,,GA1524.CGK-BTH.[CGK-BTH],,,,,,,,,
,,,GA4237.DPS-CGK.[DPS-CGK],,,,,,,,,
,,,GA3204.CGK-SUB.[CGK-SUB],,,,,,,,,
,,,GA5754.BPN-CGK.[BPN-CGK],,,,,,,,,
,,,GA2964.CGK-BKS.[CGK-BKS],,,,,,,,,
,,,GA7304.TKG-CGK.[TKG-CGK],,,,,,,,,
,,,GA4172.DPS-CGK.[DPS-CGK],,,,,,,,,
,,,GA4106.CGK-DPS.[CGK-DPS],,,,,,,,,
,,,GA4177.DPS-CGK.[DPS-CGK],,,,,,,,,
,,,GA4162.CGK-DPS.[CGK-DPS],,,,,,,,,
,,,GA1744.CGK-PKU.[CGK-PKU],,,,,,,,,
,,,GA1857.MES-CGK.[MES-CGK],,,,,,,,,
,,,GA5724.CGK-BPN.[CGK-BPN],,,,,,,,,
,,,GA7204.CGK-TKG.[CGK-TKG],,,,,,,,,
,,,GA1274.DJB-CGK.[DJB-CGK],,,,,,,,,
,,,GA4204.CGK-DPS.[CGK-DPS],,,,,,,,,
,,,GA2974.BKS-CGK.[BKS-CGK],,,,,,,,,
,,,GA1674.PDG-CGK.[PDG-CGK],,,,,,,,,
,,,GA5647.CGK-BPN.[CGK-BPN],,,,,,,,,
,,,GA1546.CGK-BTH.[CGK-BTH],,,,,,,,,
,,,GA1621.CGK-PDG.[CGK-PDG],,,,,,,,,
,,,GA0108.CGK-PLM.[CGK-CGK],,,,,,,,,
,,,GA0205.YIA-CGK.[YIA-YIA],,,,,,,,,
,,,GA0208.CGK-YIA.[CGK-CGK],,,,,,,,,
,,,GA0715.SYD-DPS.[SYD-SYD],,,,,,,,,
,,,GA0821.KUL-CGK.[KUL-SRG],,,,,,,,,
,,,GA0821.KUL-CGK.[SRG-CGK],,,,,,,,,
,,,GA0621.UPG-DPS.[UPG-DPS],,,,,,,,,
,,,GA0646.CGK-AMQ.[CGK-SOQ],,,,,,,,,
,,,GA0646.CGK-AMQ.[SOQ-AMQ],,,,,,,,,
,,,GA0114.CGK-PLM.[CGK-CGK],,,,,,,,,
,,,GA0288.CGK-TNJ.[CGK-CGK],,,,,,,,,
,,,GA0560.CGK-BPN.[CGK-CGK],,,,,,,,,
,,,GA1374.CGK-PGK.[CGK-PGK],,,,,,,,,
,,,GA6211.SOQ-UPG-DPS.[SOQ-DPS],,,,,,,,,
,,,GA6211.SOQ-UPG-DPS.[SOQ-UPG],,,,,,,,,
,,,GA6211.SOQ-UPG-DPS.[UPG-DPS],,,,,,,,,
,,,GA0506.CGK-PNK.[CGK-CGK],,,,,,,,,
,,,GA0900.CGK-DOH.[CGK-CGK],,,,,,,,,
,,,GA7064.CGK-TKG.[CGK-TKG],,,,,,,,,
,,,GA0688.MDC-UPG.[MDC-UPG],,,,,,,,,
,,,GA4044.CGK-DPS.[CGK-DPS],,,,,,,,,
,,,GA4196.DPS-CGK.[DPS-CGK],,,,,,,,,
,,,GA4154.DPS-CGK.[DPS-CGK],,,,,,,,,
,,,GA4144.CGK-DPS.[CGK-DPS],,,,,,,,,
,,,GA6099.UPG-CGK.[UPG-CGK],,,,,,,,,
,,,GA6184.CGK-UPG.[CGK-UPG],,,,,,,,,
,,,GA6164.CGK-UPG.[CGK-UPG],,,,,,,,,
,,,GA6183.UPG-CGK.[UPG-CGK],,,,,,,,,
,,,GA0689.UPG-MDC.[UPG-MDC],,,,,,,,,
,,,GA4014.DPS-CGK.[DPS-CGK],,,,,,,,,
,,,GA1314.CGK-PGK.[CGK-PGK],,,,,,,,,
,,,GA4194.DPS-CGK.[DPS-CGK],,,,,,,,,
,,,GA0685.MDC-CGK.[MDC-CGK],,,,,,,,,
,,,GA6212.SOQ-UPG-DPS.[SOQ-DPS],,,,,,,,,
,,,GA6212.SOQ-UPG-DPS.[SOQ-UPG],,,,,,,,,
,,,GA6212.SOQ-UPG-DPS.[UPG-DPS],,,,,,,,,
,,,GA4100.CGK-DPS.[CGK-DPS],,,,,,,,,
,,,GA4094.DPS-CGK.[DPS-CGK],,,,,,,,,
,,,GA1014.PLM-CGK.[PLM-CGK],,,,,,,,,
,,,GA4026.CGK-DPS.[CGK-DPS],,,,,,,,,
,,,GA4076.DPS-CGK.[DPS-CGK],,,,,,,,,
,,,GA4074.DPS-CGK.[DPS-CGK],,,,,,,,,
,,,GA4184.CGK-DPS.[CGK-DPS],,,,,,,,,
,,,GA6822.CGK-SOQ.[CGK-SOQ],,,,,,,,,
,,,GA4244.CGK-DPS.[CGK-DPS],,,,,,,,,
,,,GA4224.CGK-DPS.[CGK-DPS],,,,,,,,,
,,,GA1074.PLM-CGK.[PLM-CGK],,,,,,,,,
,,,GA4214.DPS-CGK.[DPS-CGK],,,,,,,,,
,,,GA4226.CGK-DPS.[CGK-DPS],,,,,,,,,
,,,GA3284.CGK-SUB.[CGK-SUB],,,,,,,,,
,,,GA3054.SUB-CGK.[SUB-CGK],,,,,,,,,
,,,GA6088.CGK-UPG.[CGK-UPG],,,,,,,,,
,,,GA0089.AMS-CGK.[AMS-AMS],,,,,,,,,
,,,GA0164.CGK-PDG.[CGK-MES],,,,,,,,,
,,,GA0164.CGK-PDG.[MES-PDG],,,,,,,,,
,,,GA0167.PDG-CGK.[PDG-PDG],,,,,,,,,
,,,GA0449.KOE-SUB-CGK.[DPS-SUB],,,,,,,,,
,,,GA0449.KOE-SUB-CGK.[KOE-DPS],,,,,,,,,
,,,GA0449.KOE-SUB-CGK.[KOE-KOE],,,,,,,,,
,,,GA0600.CGK-MDC.[CGK-TTE],,,,,,,,,
,,,GA0600.CGK-MDC.[TTE-MDC],,,,,,,,,
,,,GA0828.CGK-SIN.[CGK-CGK],,,,,,,,,
,,,GA0829.SIN-CGK.[PLM-CGK],,,,,,,,,
,,,GA0829.SIN-CGK.[SIN-PLM],,,,,,,,,
,,,GA0829.SIN-CGK.[SIN-SIN],,,,,,,,,
,,,GA0152.CGK-BTH.[CGK-CGK],,,,,,,,,
,,,GA0426.CGK-DPS.[CGK-CGK],,,,,,,,,
,,,GA0718.DPS-MEL.[DPS-DPS],,,,,,,,,
,,,GA0227.SOC-CGK.[SOC-SOC],,,,,,,,,
,,,GA0611.UPG-CGK.[UPG-UPG],,,,,,,,,
,,,GA2384.CGK-SRG.[CGK-SRG],,,,,,,,,
,,,GA2384.CGK-SRG.[CGK-SUB],,,,,,,,,
,,,GA2384.CGK-SRG.[SUB-SRG],,,,,,,,,
,,,GA5094.PNK-CGK.[PNK-CGK],,,,,,,,,
,,,GA8671.BKK-CGK.[BKK-CGK],,,,,,,,,
,,,GA2414.SRG-CGK.[SRG-CGK],,,,,,,,,
,,,GA5004.CGK-PNK.[CGK-PNK],,,,,,,,,
,,,GA1345.PGK-CGK.[PGK-CGK],,,,,,,,,
,,,GA6213.SOQ-UPG-DPS.[SOQ-DPS],,,,,,,,,
,,,GA6213.SOQ-UPG-DPS.[SOQ-UPG],,,,,,,,,
,,,GA6213.SOQ-UPG-DPS.[UPG-DPS],,,,,,,,,
,,,GA4344.CGK-AMI.[CGK-AMI],,,,,,,,,
,,,GA4302.CGK-AMI.[CGK-AMI],,,,,,,,,
,,,GA6214.SOQ-UPG-DPS.[SOQ-DPS],,,,,,,,,
,,,GA6214.SOQ-UPG-DPS.[SOQ-UPG],,,,,,,,,
,,,GA6214.SOQ-UPG-DPS.[UPG-DPS],,,,,,,,,
,,,GA3264.CGK-SUB.[CGK-SUB],,,,,,,,,
,,,GA4354.AMI-CGK.[AMI-CGK],,,,,,,,,
,,,GA1349.PGK-CGK.[PGK-CGK],,,,,,,,,
,,,GA7014.CGK-TKG.[CGK-TKG],,,,,,,,,
,,,GA7012.CGK-TKG.[CGK-TKG],,,,,,,,,
,,,GA4331.AMI-CGK.[AMI-CGK],,,,,,,,,
,,,GA0213.YIA-CGK.[YIA-YIA],,,,,,,,,
,,,GA0232.CGK-SRG.[CGK-CGK],,,,,,,,,
,,,GA0317.SUB-CGK.[SUB-SUB],,,,,,,,,
,,,GA0430.CGK-AMI.[CGK-CGK],,,,,,,,,
,,,GA0604.CGK-UPG-KDI.[KDI-UPG],,,,,,,,,
,,,GA0656.CGK-DJJ.[BIK-DJJ],,,,,,,,,
,,,GA0656.CGK-DJJ.[CGK-BIK],,,,,,,,,
,,,GA0874.CGK-HND.[CGK-CGK],,,,,,,,,
,,,GA0717.MEL-CGK.[MEL-MEL],,,,,,,,,
,,,GA0141.BTJ-CGK.[BTJ-BTJ],,,,,,,,,
,,,GA0634.TIM-DJJ.[TIM-TIM],,,,,,,,,
,,,GA0610.CGK-UPG.[CGK-CGK],,,,,,,,,
,,,GA0960.CGK-MED.[CGK-CGK],,,,,,,,,
,,,GA7064.DPS-LBJ.[DPS-LBJ],,,,,,,,,
,,,GA0156.CGK-BTH.[CGK-CGK],,,,,,,,,
,,,GA1044.CGK-PLM.[CGK-PLM],,,,,,,,,
,,,GA7074.LBJ-DPS.[LBJ-DPS],,,,,,,,,
,,,GA6584.DJJ-MKQ.[DJJ-MKQ],,,,,,,,,
,,,GA0509.PNK-CGK.[PNK-CGK],,,,,,,,,
,,,GA0500.CGK-PNK.[CGK-PNK],,,,,,,,,
,,,GA7065.LBJ-DPS.[LBJ-DPS],,,,,,,,,
,,,GA6040.UPG-KDI.[UPG-KDI],,,,,,,,,
,,,GA2034.YIA-CGK.[YIA-CGK],,,,,,,,,
,,,GA6474.AMQ-CGK.[AMQ-CGK],,,,,,,,,
,,,GA3084.CGK-SUB.[CGK-SUB],,,,,,,,,
,,,GA3114.SUB-CGK.[SUB-CGK],,,,,,,,,
,,,GA6464.CGK-AMQ.[CGK-AMQ],,,,,,,,,
,,,GA3194.SUB-CGK.[SUB-CGK],,,,,,,,,
,,,GA6574.DJJ-CGK.[DJJ-CGK],,,,,,,,,
,,,GA2024.CGK-YIA.[CGK-YIA],,,,,,,,,
,,,GA5646.CGK-BPN.[CGK-BPN],,,,,,,,,
,,,GA7314.TKG-CGK.[TKG-CGK],,,,,,,,,
,,,GA3424.SUB-DPS.[SUB-DPS],,,,,,,,,
,,,GA7714.TKG-CGK.[TKG-CGK],,,,,,,,,
,,,GA4314.CGK-AMI.[CGK-AMI],,,,,,,,,
,,,GA8404.CGK-AMS.[CGK-AMS],,,,,,,,,
,,,GA6404.CGK-UPG.[CGK-UPG],,,,,,,,,
,,,GA7034.CGK-LBJ.[CGK-LBJ],,,,,,,,,
,,,GA1094.PLM-CGK.[PLM-CGK],,,,,,,,,
,,,GA6564.CGK-DJJ.[CGK-DJJ],,,,,,,,,
,,,GA5671.BPN-CGK.[BPN-CGK],,,,,,,,,
,,,GA6084.CGK-PLW.[CGK-PLW],,,,,,,,,
,,,GA6412.UPG-CGK.[UPG-CGK],,,,,,,,,
,,,GA6094.PLW-CGK.[PLW-CGK],,,,,,,,,
,,,GA4324.AMI-CGK.[AMI-CGK],,,,,,,,,
,,,GA7514.TKG-CGK.[TKG-CGK],,,,,,,,,
,,,GA3494.DPS-SUB.[DPS-SUB],,,,,,,,,
,,,GA5606.CGK-BPN.[CGK-BPN],,,,,,,,,
,,,GA5631.BPN-CGK.[BPN-CGK],,,,,,,,,
,,,GA7512.TKG-CGK.[TKG-CGK],,,,,,,,,
,,,GA4274.DPS-CGK.[DPS-CGK],,,,,,,,,
,,,GA7054.DPS-CGK.[DPS-CGK],,,,,,,,,
,,,GA6414.UPG-CGK.[UPG-CGK],,,,,,,,,
,,,GA4264.CGK-DPS.[CGK-DPS],,,,,,,,,
,,,GA0185.MES-CGK.[MES-MES],,,,,,,,,
,,,GA0235.SRG-CGK.[SRG-SRG],,,,,,,,,
,,,GA0417.DPS-CGK.[DPS-DPS],,,,,,,,,
,,,GA0448.CGK-SUB-KOE.[SUB-UPG],,,,,,,,,
,,,GA0448.CGK-SUB-KOE.[UPG-KOE],,,,,,,,,
,,,GA0867.BKK-CGK.[BKK-BKK],,,,,,,,,
,,,GA0878.CGK-ICN.[CGK-CGK],,,,,,,,,
,,,GA0982.CGK-JED.[CGK-MED],,,,,,,,,
,,,GA0982.CGK-JED.[MED-JED],,,,,,,,,
,,,GA0716.CGK-MEL.[CGK-CGK],,,,,,,,,
,,,GA0554.CGK-PKY.[BDJ-PKY],,,,,,,,,
,,,GA0554.CGK-PKY.[CGK-BDJ],,,,,,,,,
,,,GA0560.CGK-BPN.[CGK-UPG],,,,,,,,,
,,,GA0560.CGK-BPN.[UPG-BPN],,,,,,,,,
,,,GA0174.CGK-PKU.[CGK-CGK],,,,,,,,,
,,,GA0689.UPG-MDC.[UPG-UPG],,,,,,,,,
,,,GA6234.PLW-CGK.[PLW-CGK],,,,,,,,,
,,,GA5672.BPN-CGK.[BPN-CGK],,,,,,,,,
,,,GA5662.CGK-BPN.[CGK-BPN],,,,,,,,,
,,,GA4524.CGK-LBJ.[CGK-LBJ],,,,,,,,,
,,,GA5642.CGK-BPN.[CGK-BPN],,,,,,,,,
,,,GA1462.CGK-BTJ.[CGK-BTJ],,,,,,,,,
,,,GA5762.CGK-BPN.[CGK-BPN],,,,,,,,,
,,,GA5612.BPN-CGK.[BPN-CGK],,,,,,,,,
,,,GA5757.BPN-CGK.[BPN-CGK],,,,,,,,,
,,,GA1412.BTJ-CGK.[BTJ-CGK],,,,,,,,,
,,,GA1404.CGK-BTJ.[CGK-BTJ],,,,,,,,,
,,,GA6224.CGK-PLW.[CGK-PLW],,,,,,,,,
,,,GA5722.CGK-BPN.[CGK-BPN],,,,,,,,,
,,,GA5722.CGK-BPN.[CGK-UPG],,,,,,,,,
,,,GA5722.CGK-BPN.[UPG-BPN],,,,,,,,,
,,,GA5726.CGK-BPN.[CGK-BPN],,,,,,,,,
,,,GA0695.UPG-KDI.[UPG-KDI],,,,,,,,,
,,,GA0696.KDI-UPG.[KDI-UPG],,,,,,,,,
,,,GA4534.LBJ-CGK.[LBJ-CGK],,,,,,,,,
,,,GA4101.CGK-DPS.[CGK-DPS],,,,,,,,,
,,,GA0139.PGK-CGK.[PGK-CGK],,,,,,,,,
,,,GA0138.CGK-PGK.[CGK-PGK],,,,,,,,,
,,,GA5676.BPN-CGK.[BPN-CGK],,,,,,,,,
,,,GA1402.CGK-BTJ.[CGK-BTJ],,,,,,,,,
,,,GA1801.CGK-MES.[CGK-MES],,,,,,,,,
,,,GA4086.CGK-DPS.[CGK-DPS],,,,,,,,,
,,,GA1851.MES-CGK.[MES-CGK],,,,,,,,,
,,,GA1182.CGK-MES.[CGK-MES],,,,,,,,,
,,,GA0220.CGK-SOC.[CGK-SOC],,,,,,,,,
,,,GA5654.BPN-CGK.[BPN-CGK],,,,,,,,,
,,,GA5764.CGK-BPN.[CGK-BPN],,,,,,,,,
,,,GA1821.CGK-MES.[CGK-MES],,,,,,,,,
,,,GA1212.MES-CGK.[MES-CGK],,,,,,,,,
,,,GA5714.BPN-CGK.[BPN-CGK],,,,,,,,,
,,,GA4097.DPS-CGK.[DPS-CGK],,,,,,,,,
,,,GA5652.BPN-CGK.[BPN-CGK],,,,,,,,,
,,,GA1472.BTJ-CGK.[BTJ-CGK],,,,,,,,,
,,,GA5732.BPN-CGK.[BPN-CGK],,,,,,,,,
,,,GA0223.SOC-CGK.[SOC-CGK],,,,,,,,,
,,,GA5664.CGK-BPN.[CGK-BPN],,,,,,,,,
,,,GA5641.CGK-BPN.[CGK-BPN],,,,,,,,,
,,,GA4072.DPS-CGK.[DPS-CGK],,,,,,,,,
,,,GA4176.DPS-CGK.[DPS-CGK],,,,,,,,,
,,,GA4112.DPS-CGK.[DPS-CGK],,,,,,,,,
,,,GA0608.CGK-UPG-PLW.[CGK-CGK],,,,,,,,,
,,,GA0642.CGK-UPG-GTO.[MDC-GTO],,,,,,,,,
,,,GA0642.CGK-UPG-GTO.[UPG-MDC],,,,,,,,,
,,,GA0983.JED-CGK.[JED-JED],,,,,,,,,
,,,GA0134.CGK-DJB.[CGK-PLM],,,,,,,,,
,,,GA0134.CGK-DJB.[PLM-DJB],,,,,,,,,
,,,GA0863.HKG-CGK.[HKG-HKG],,,,,,,,,
,,,GA0665.DJJ-CGK.[DJJ-UPG],,,,,,,,,
,,,GA0665.DJJ-CGK.[UPG-CGK],,,,,,,,,
,,,GA4312.AMI-DPS.[AMI-DPS],,,,,,,,,
,,,GA0576.CGK-BPN.[CGK-BPN],,,,,,,,,
,,,GA0576.CGK-BPN.[CGK-CGK],,,,,,,,,
,,,GA0561.BPN-CGK.[BPN-CGK],,,,,,,,,
,,,GA4262.CGK-DPS.[CGK-DPS],,,,,,,,,
,,,GA4306.CGK-AMI.[CGK-AMI],,,,,,,,,
,,,GA4236.DPS-CGK.[DPS-CGK],,,,,,,,,
,,,GA4366.DPS-AMI.[DPS-AMI],,,,,,,,,
,,,GA4336.AMI-CGK.[AMI-CGK],,,,,,,,,
,,,GA4337.AMI-DPS.[AMI-DPS],,,,,,,,,
,,,GA1414.BTJ-CGK.[BTJ-CGK],,,,,,,,,
,,,GA4316.AMI-CGK.[AMI-CGK],,,,,,,,,
,,,GA8554.SIN-CGK.[SIN-CGK],,,,,,,,,
,,,GA4346.DPS-AMI.[DPS-AMI],,,,,,,,,
,,,GA4326.CGK-AMI.[CGK-AMI],,,,,,,,,
,,,GA4136.DPS-CGK.[DPS-CGK],,,,,,,,,
,,,GA1832.MES-CGK.[MES-CGK],,,,,,,,,
,,,GA2322.CGK-SRG.[CGK-SRG],,,,,,,,,
,,,GA2312.SRG-CGK.[SRG-CGK],,,,,,,,,
,,,GA1962.CGK-MES.[CGK-MES],,,,,,,,,
,,,GA1934.MES-CGK.[MES-CGK],,,,,,,,,
,,,GA2412.SRG-CGK.[SRG-CGK],,,,,,,,,
,,,GA2462.CGK-SRG.[CGK-SRG],,,,,,,,,
,,,GA6494.TTE-CGK.[TTE-CGK],,,,,,,,,
,,,GA1424.CGK-BTJ.[CGK-BTJ],,,,,,,,,
,,,GA1434.BTJ-CGK.[BTJ-CGK],,,,,,,,,
,,,GA6172.UPG-CGK.[UPG-CGK],,,,,,,,,
,,,GA1852.MES-CGK.[MES-CGK],,,,,,,,,
,,,GA6484.CGK-TTE.[CGK-TTE],,,,,,,,,
,,,GA4314.AMI-CGK.[AMI-CGK],,,,,,,,,
,,,GA1822.CGK-MES.[CGK-MES],,,,,,,,,
,,,GA0073.TKG-CGK.[TKG-TKG],,,,,,,,,
,,,GA0530.CGK-BDJ.[CGK-CGK],,,,,,,,,
,,,GA0608.CGK-UPG-PLW.[BPN-UPG],,,,,,,,,
,,,GA0608.CGK-UPG-PLW.[CGK-BPN],,,,,,,,,
,,,GA0648.CGK-TTE.[CGK-MDC],,,,,,,,,
,,,GA0648.CGK-TTE.[MDC-TTE],,,,,,,,,
,,,GA0649.TTE-CGK.[TTE-TTE],,,,,,,,,
,,,GA0842.DPS-SIN.[DPS-DPS],,,,,,,,,
,,,GA0871.ICN-DPS.[ICN-ICN],,,,,,,,,
,,,GA0193.MES-CGK.[MES-MES],,,,,,,,,
,,,GA1633.PDG-HLP.[PDG-HLP],,,,,,,,,
,,,GA0456.CGK-KOE.[CGK-KOE],,,,,,,,,
,,,GA0456.CGK-KOE.[CGK-CGK],,,,,,,,,
,,,GA2202.CGK-SOC.[CGK-SOC],,,,,,,,,
,,,GA0457.KOE-CGK.[KOE-CGK],,,,,,,,,
,,,GA1632.PDG-CGK.[PDG-CGK],,,,,,,,,
,,,GA0130.CGK-DJB.[CGK-DJB],,,,,,,,,
,,,GA0131.DJB-CGK.[DJB-CGK],,,,,,,,,
,,,GA2882.CGK-TNJ.[CGK-TNJ],,,,,,,,,
,,,GA8544.CGK-SIN.[CGK-SIN],,,,,,,,,
,,,GA8552.SIN-CGK.[SIN-CGK],,,,,,,,,
,,,GA3112.SUB-CGK.[SUB-CGK],,,,,,,,,
,,,GA2232.SOC-CGK.[SOC-CGK],,,,,,,,,
,,,GA3082.CGK-SUB.[CGK-SUB],,,,,,,,,
,,,GA6444.CGK-GTO.[CGK-GTO],,,,,,,,,
,,,GA1184.CGK-MES.[CGK-MES],,,,,,,,,
,,,GA8542.CGK-SIN.[CGK-SIN],,,,,,,,,
,,,GA1314.DJB-CGK.[DJB-CGK],,,,,,,,,
,,,GA1304.CGK-DJB.[CGK-DJB],,,,,,,,,
,,,GA1214.MES-CGK.[MES-CGK],,,,,,,,,
,,,GA0324.CGK-SUB.[CGK-SUB],,,,,,,,,
,,,GA5552.PKY-CGK.[PKY-CGK],,,,,,,,,
,,,GA4322.CGK-AMI.[CGK-AMI],,,,,,,,,
,,,GA0329.SUB-CGK.[SUB-CGK],,,,,,,,,
,,,GA0102.CGK-PLM.[CGK-CGK],,,,,,,,,
,,,GA0296.CGK-BKS.[CGK-CGK],,,,,,,,,
,,,GA0402.CGK-DPS.[CGK-CGK],,,,,,,,,
,,,GA0601.MDC-CGK.[MDC-MDC],,,,,,,,,
,,,GA0648.CGK-TTE.[CGK-CGK],,,,,,,,,
,,,GA0837.SIN-CGK.[SIN-SIN],,,,,,,,,
,,,GA0879.ICN-CGK.[ICN-ICN],,,,,,,,,
,,,GA0620.DPS-UPG.[BDJ-UPG],,,,,,,,,
,,,GA0620.DPS-UPG.[DPS-BDJ],,,,,,,,,
,,,GA0880.DPS-TYO.[DPS-DPS],,,,,,,,,
,,,GA0894.CGK-SHA.[CGK-CGK],,,,,,,,,
,,,GA0163.PDG-HLP.[PDG-HLP],,,,,,,,,
,,,GA0150.CGK-BTH.[CGK-CGK],,,,,,,,,
,,,GA0500.CGK-PNK.[CGK-CGK],,,,,,,,,
,,,GA0330.HLP-SUB.[HLP-SUB],,,,,,,,,
,,,GA0180.HLP-MES.[HLP-MES],,,,,,,,,
,,,GA0166.HLP-PDG.[HLP-PDG],,,,,,,,,
,,,GA0165.PDG-CGK.[PDG-CGK],,,,,,,,,
,,,GA0181.MES-HLP.[MES-HLP],,,,,,,,,
,,,GA0181.MES-HLP.[MES-SRG],,,,,,,,,
,,,GA0181.MES-HLP.[SRG-HLP],,,,,,,,,
,,,GA0331.SUB-HLP.[SUB-HLP],,,,,,,,,
,,,GA0661.UPG-TTE.[UPG-TTE],,,,,,,,,
,,,GA4225.DPS-CGK.[DPS-CGK],,,,,,,,,
,,,GA4084.DPS-CGK.[DPS-CGK],,,,,,,,,
,,,GA0480.BPN-DPS.[BPN-DPS],,,,,,,,,
,,,GA0467.BPN-UPG.[BPN-UPG],,,,,,,,,
,,,GA0466.UPG-BPN.[UPG-BPN],,,,,,,,,
,,,GA6434.GTO-UPG-CGK.[GTO-CGK],,,,,,,,,
,,,GA6434.GTO-UPG-CGK.[GTO-UPG],,,,,,,,,
,,,GA6434.GTO-UPG-CGK.[UPG-CGK],,,,,,,,,
,,,GA6204.DPS-UPG.[DPS-UPG],,,,,,,,,
,,,GA0481.DPS-BPN.[DPS-BPN],,,,,,,,,
,,,GA4324.CGK-AMI.[CGK-AMI],,,,,,,,,
,,,GA6894.UPG-MDC.[UPG-MDC],,,,,,,,,
,,,GA4074.CGK-DPS.[CGK-DPS],,,,,,,,,
,,,GA6214.UPG-DPS.[UPG-DPS],,,,,,,,,
,,,GA0660.TTE-UPG.[TTE-UPG],,,,,,,,,
,,,GA4390.KOE-CGK.[KOE-CGK],,,,,,,,,
,,,GA4544.CGK-LBJ.[CGK-LBJ],,,,,,,,,
,,,GA6424.CGK-UPG-GTO.[CGK-GTO],,,,,,,,,
,,,GA6424.CGK-UPG-GTO.[CGK-UPG],,,,,,,,,
,,,GA6424.CGK-UPG-GTO.[UPG-GTO],,,,,,,,,
,,,GA6884.MDC-UPG.[MDC-UPG],,,,,,,,,
,,,GA8284.CGK-SIN.[CGK-SIN],,,,,,,,,
,,,GA4554.LBJ-CGK.[LBJ-CGK],,,,,,,,,
,,,GA4380.CGK-KOE.[CGK-KOE],,,,,,,,,
,,,GA4337.AMI-CGK.[AMI-CGK],,,,,,,,,
,,,GA8294.SIN-CGK.[SIN-CGK],,,,,,,,,
,,,GA0252.YIA-DPS.[AMI-DPS],,,,,,,,,
,,,GA0252.YIA-DPS.[YIA-AMI],,,,,,,,,
,,,GA0327.SUB-CGK.[PLM-CGK],,,,,,,,,
,,,GA0327.SUB-CGK.[SUB-PLM],,,,,,,,,
,,,GA0342.SUB-DPS.[SUB-SUB],,,,,,,,,
,,,GA0410.CGK-DPS.[AMI-DPS],,,,,,,,,
,,,GA0410.CGK-DPS.[CGK-AMI],,,,,,,,,
,,,GA0415.DPS-CGK.[DPS-DPS],,,,,,,,,
,,,GA0422.CGK-DPS.[AMI-DPS],,,,,,,,,
,,,GA0422.CGK-DPS.[CGK-AMI],,,,,,,,,
,,,GA0430.CGK-AMI.[CGK-DPS],,,,,,,,,
,,,GA0430.CGK-AMI.[DPS-AMI],,,,,,,,,
,,,GA0866.CGK-BKK.[CGK-CGK],,,,,,,,,
,,,GA0190.CGK-MES.[CGK-PKU],,,,,,,,,
,,,GA0190.CGK-MES.[PKU-MES],,,,,,,,,
,,,GA0561.BPN-CGK.[BPN-BPN],,,,,,,,,
,,,GA0330.HLP-SUB.[HLP-HLP],,,,,,,,,
,,,GA0979.JED-CGK.[JED-CGK],,,,,,,,,
,,,GA0839.SIN-CGK.[SIN-CGK],,,,,,,,,
,,,GA0839.SIN-CGK.[SIN-SIN],,,,,,,,,
,,,GA7134.SYD-CGK.[SYD-CGK],,,,,,,,,
,,,GA0838.CGK-SIN.[CGK-SIN],,,,,,,,,
,,,GA0978.CGK-JED.[CGK-JED],,,,,,,,,
,,,GA0825.SIN-CGK.[SIN-CGK],,,,,,,,,
,,,GA0824.CGK-SIN.[CGK-SIN],,,,,,,,,
,,,GA2824.CGK-SRG.[CGK-SRG],,,,,,,,,
,,,GA4364.CGK-AMI.[CGK-AMI],,,,,,,,,
,,,GA2854.SRG-CGK.[SRG-CGK],,,,,,,,,
,,,GA4374.AMI-CGK.[AMI-CGK],,,,,,,,,
,,,GA4552.PKY-CGK.[PKY-CGK],,,,,,,,,
,,,GA4542.CGK-PKY.[CGK-PKY],,,,,,,,,
,,,GA4002.CGK-DPS.[CGK-DPS],,,,,,,,,
,,,GA4252.DPS-CGK.[DPS-CGK],,,,,,,,,
,,,GA1384.CGK-PGK.[CGK-PGK],,,,,,,,,
,,,GA1394.PGK-CGK.[PGK-CGK],,,,,,,,,
,,,GA3244.SUB-DPS.[SUB-DPS],,,,,,,,,
,,,GA4152.DPS-CGK.[DPS-CGK],,,,,,,,,
,,,GA4134.DPS-CGK.[DPS-CGK],,,,,,,,,
,,,GA0245.SRG-CGK.[SRG-SRG],,,,,,,,,
,,,GA0320.CGK-SUB.[CGK-DPS],,,,,,,,,
,,,GA0320.CGK-SUB.[DPS-SUB],,,,,,,,,
,,,GA0326.CGK-SUB.[CGK-SRG],,,,,,,,,
,,,GA0326.CGK-SUB.[SRG-SUB],,,,,,,,,
,,,GA0327.SUB-CGK.[SUB-SUB],,,,,,,,,
,,,GA0402.CGK-DPS.[CGK-SUB],,,,,,,,,
,,,GA0402.CGK-DPS.[SUB-DPS],,,,,,,,,
,,,GA0422.CGK-DPS.[CGK-SUB],,,,,,,,,
,,,GA0422.CGK-DPS.[SUB-DPS],,,,,,,,,
,,,GA0430.CGK-AMI.[CGK-SUB],,,,,,,,,
,,,GA0430.CGK-AMI.[SUB-AMI],,,,,,,,,
,,,GA0452.CGK-LBJ.[AMI-LBJ],,,,,,,,,
,,,GA0452.CGK-LBJ.[CGK-AMI],,,,,,,,,
,,,GA0533.BDJ-CGK.[BDJ-BDJ],,,,,,,,,
,,,GA0682.CGK-SOQ.[CGK-CGK],,,,,,,,,
,,,GA0981.JED-CGK.[JED-JED],,,,,,,,,
,,,GA0719.MEL-DPS.[MEL-SUB],,,,,,,,,
,,,GA0719.MEL-DPS.[SUB-DPS],,,,,,,,,
,,,GA0719.MEL-DPS.[SUB-SUB],,,,,,,,,
,,,GA0532.CGK-BDJ.[CGK-CGK],,,,,,,,,
,,,GA0134.CGK-DJB.[CGK-CGK],,,,,,,,,
,,,GA0555.PKY-CGK.[PKY-PKY],,,,,,,,,
,,,GA0331.SUB-HLP.[SUB-SUB],,,,,,,,,
,,,GA0984.CGK-JED.[CGK-JED],,,,,,,,,
,,,GA0985.JED-CGK.[JED-CGK],,,,,,,,,
,,,GA0990.CGK-JED.[CGK-CGK],,,,,,,,,
,,,GA4202.CGK-DPS.[CGK-DPS],,,,,,,,,
,,,GA4222.CGK-DPS.[CGK-DPS],,,,,,,,,
,,,GA6454.GTO-CGK.[GTO-CGK],,,,,,,,,
,,,GA4072.DPS-CGK.[DPS-PLM],,,,,,,,,
,,,GA4072.DPS-CGK.[PLM-CGK],,,,,,,,,
,,,GA4072.DPS-CGK.[DPS-DPS],,,,,,,,,
,,,GA7172.MEL-CGK.[MEL-CGK],,,,,,,,,
,,,GA0290.CGK-MLG.[CGK-SUB],,,,,,,,,
,,,GA0290.CGK-MLG.[SUB-MLG],,,,,,,,,
,,,GA8394.SIN-CGK.[SIN-CGK],,,,,,,,,
,,,GA1084.CGK-PLM.[CGK-PLM],,,,,,,,,
,,,GA1694.PDG-CGK.[PDG-CGK],,,,,,,,,
,,,GA4092.DPS-CGK.[DPS-CGK],,,,,,,,,
,,,GA1654.PDG-CGK.[PDG-CGK],,,,,,,,,
,,,GA6044.CGK-UPG-KDI.[CGK-KDI],,,,,,,,,
,,,GA6044.CGK-UPG-KDI.[CGK-UPG],,,,,,,,,
,,,GA6044.CGK-UPG-KDI.[UPG-KDI],,,,,,,,,
,,,GA1644.CGK-PDG.[CGK-PDG],,,,,,,,,
,,,GA2884.CGK-TNJ.[CGK-TNJ],,,,,,,,,
,,,GA6054.KDI-UPG-CGK.[KDI-CGK],,,,,,,,,
,,,GA6054.KDI-UPG-CGK.[KDI-UPG],,,,,,,,,
,,,GA6054.KDI-UPG-CGK.[UPG-CGK],,,,,,,,,
,,,GA8384.CGK-SIN.[CGK-SIN],,,,,,,,,
,,,GA4312.AMI-CGK.[AMI-CGK],,,,,,,,,
,,,GA7162.CGK-MEL.[CGK-MEL],,,,,,,,,
,,,GA5322.CGK-BDJ.[CGK-BDJ],,,,,,,,,
,,,GA3122.CGK-SUB.[CGK-SUB],,,,,,,,,
,,,GA1794.PKU-CGK.[PKU-CGK],,,,,,,,,
,,,GA5372.BDJ-CGK.[BDJ-CGK],,,,,,,,,
,,,GA3174.SUB-CGK.[SUB-CGK],,,,,,,,,
,,,GA0301.SUB-CGK.[SUB-CGK],,,,,,,,,
,,,GA8542.SUB-SIN.[SUB-SIN],,,,,,,,,
,,,GA1134.PLM-CGK.[PLM-CGK],,,,,,,,,
,,,GA8552.SIN-SUB.[SIN-SUB],,,,,,,,,
,,,GA1764.CGK-PKU.[CGK-PKU],,,,,,,,,
,,,GA4102.CGK-DPS.[CGK-DPS],,,,,,,,,
,,,GA8604.CGK-HKG.[CGK-HKG],,,,,,,,,
,,,GA7124.CGK-SYD.[CGK-SYD],,,,,,,,,
,,,GA2894.TNJ-CGK.[TNJ-CGK],,,,,,,,,
,,,GA3052.SUB-CGK.[SUB-CGK],,,,,,,,,
,,,GA0121.MES-CGK.[MES-HLP],,,,,,,,,
,,,GA0121.MES-CGK.[HLP-CGK],,,,,,,,,
,,,GA0228.CGK-SOC.[CGK-SRG],,,,,,,,,
,,,GA0228.CGK-SOC.[SRG-SOC],,,,,,,,,
,,,GA0403.DPS-CGK.[DPS-SRG],,,,,,,,,
,,,GA0403.DPS-CGK.[SRG-CGK],,,,,,,,,
,,,GA0409.DPS-CGK.[DPS-DPS],,,,,,,,,
,,,GA0504.CGK-PNK.[BTH-PNK],,,,,,,,,
,,,GA0504.CGK-PNK.[CGK-BTH],,,,,,,,,
,,,GA0536.CGK-BDJ.[CGK-UPG],,,,,,,,,
,,,GA0536.CGK-BDJ.[UPG-BDJ],,,,,,,,,
,,,GA0604.CGK-UPG-KDI.[UPG-UPG],,,,,,,,,
,,,GA0207.YIA-CGK.[YIA-YIA],,,,,,,,,
,,,GA0119.PLM-CGK.[PLM-SRG],,,,,,,,,
,,,GA0119.PLM-CGK.[SRG-CGK],,,,,,,,,
,,,GA0870.DPS-ICN.[DPS-CJU],,,,,,,,,
,,,GA0870.DPS-ICN.[CJU-ICN],,,,,,,,,
,,,GA0206.CGK-YIA.[CGK-CGK],,,,,,,,,
,,,GA0823.SIN-CGK.[SIN-SIN],,,,,,,,,
,,,GA0135.DJB-CGK.[DJB-DJB],,,,,,,,,
,,,GA0135.DJB-CGK.[DJB-TKG],,,,,,,,,
,,,GA0135.DJB-CGK.[TKG-CGK],,,,,,,,,
,,,GA0665.DJJ-CGK.[DJJ-DJJ],,,,,,,,,
,,,GA0435.AMI-CGK.[AMI-PLM],,,,,,,,,
,,,GA0435.AMI-CGK.[PLM-CGK],,,,,,,,,
,,,GA0203.YIA-CGK.[YIA-YIA],,,,,,,,,
,,,GA0615.UPG-CGK.[SRG-CGK],,,,,,,,,
,,,GA0615.UPG-CGK.[UPG-SRG],,,,,,,,,
,,,GA0330.HLP-SUB.[SRG-SUB],,,,,,,,,
,,,GA0330.HLP-SUB.[HLP-SRG],,,,,,,,,
,,,GA1872.MES-CGK.[MES-CGK],,,,,,,,,
,,,GA2524.YIA-DPS.[YIA-DPS],,,,,,,,,
,,,GA4042.CGK-DPS.[CGK-DPS],,,,,,,,,
,,,GA2534.DPS-YIA.[DPS-YIA],,,,,,,,,
,,,GA4212.DPS-CGK.[DPS-CGK],,,,,,,,,
,,,GA4272.DPS-CGK.[DPS-CGK],,,,,,,,,
,,,GA7302.TKG-CGK.[TKG-CGK],,,,,,,,,
,,,GA3024.CGK-SUB.[CGK-SUB],,,,,,,,,
,,,GA3034.SUB-CGK.[SUB-CGK],,,,,,,,,
,,,GA4242.CGK-DPS.[CGK-DPS],,,,,,,,,
,,,GA6122.CGK-UPG.[CGK-UPG],,,,,,,,,
,,,GA6154.UPG-DPS.[UPG-DPS],,,,,,,,,
,,,GA1842.CGK-MES.[CGK-MES],,,,,,,,,
,,,GA6832.SOQ-CGK.[SOQ-CGK],,,,,,,,,
,,,GA6152.UPG-CGK.[UPG-CGK],,,,,,,,,
,,,GA4192.DPS-CGK.[DPS-CGK],,,,,,,,,
,,,GA7202.CGK-TKG.[CGK-TKG],,,,,,,,,
,,,GA4182.CGK-DPS.[CGK-DPS],,,,,,,,,
,,,GA6164.DPS-UPG.[DPS-UPG],,,,,,,,,
,,,GA2288.CGK-SOC.[CGK-SOC],,,,,,,,,
,,,GA2288.CGK-SOC.[CGK-YIA],,,,,,,,,
,,,GA2288.CGK-SOC.[YIA-SOC],,,,,,,,,
,,,GA0349.DPS-SUB.[DPS-SRG],,,,,,,,,
,,,GA0349.DPS-SUB.[SRG-SUB],,,,,,,,,
,,,GA0530.CGK-BDJ.[BPN-BDJ],,,,,,,,,
,,,GA0530.CGK-BDJ.[CGK-BPN],,,,,,,,,
,,,GA0575.BPN-CGK.[BPN-PLM],,,,,,,,,
,,,GA0575.BPN-CGK.[PLM-CGK],,,,,,,,,
,,,GA0605.KDI-UPG-CGK.[KDI-KDI],,,,,,,,,
,,,GA0623.PLW-CGK.[PLW-PLW],,,,,,,,,
,,,GA0640.CGK-UPG.[CGK-KDI],,,,,,,,,
,,,GA0640.CGK-UPG.[KDI-UPG],,,,,,,,,
,,,GA0657.DJJ-CGK.[DJJ-DJJ],,,,,,,,,
,,,GA0426.CGK-DPS.[CGK-SUB],,,,,,,,,
,,,GA0426.CGK-DPS.[SUB-DPS],,,,,,,,,
,,,GA0180.HLP-MES.[HLP-HLP],,,,,,,,,
,,,GA0331.SUB-HLP.[CGK-HLP],,,,,,,,,
,,,GA0331.SUB-HLP.[SUB-CGK],,,,,,,,,
,,,GA3224.CGK-SUB.[CGK-SUB],,,,,,,,,
,,,GA4034.DPS-CGK.[DPS-CGK],,,,,,,,,
,,,GA8602.CGK-HKG.[CGK-HKG],,,,,,,,,
,,,GA7034.TKG-CGK.[TKG-CGK],,,,,,,,,
,,,GA9816.JED-CGK.[JED-CGK],,,,,,,,,
,,,GA3274.SUB-CGK.[SUB-CGK],,,,,,,,,
,,,GA7024.CGK-TKG.[CGK-TKG],,,,,,,,,
,,,GA0137.PGK-CGK.[PGK-PGK],,,,,,,,,
,,,GA0212.CGK-YIA.[CGK-CGK],,,,,,,,,
,,,GA0312.CGK-SUB.[CGK-CGK],,,,,,,,,
,,,GA0608.CGK-UPG-PLW.[UPG-UPG],,,,,,,,,
,,,GA0842.DPS-SIN.[BTH-SIN],,,,,,,,,
,,,GA0842.DPS-SIN.[DPS-BTH],,,,,,,,,
,,,GA0875.HND-CGK.[HND-HND],,,,,,,,,
,,,GA0881.TYO-DPS.[TYO-TYO],,,,,,,,,
,,,GA0563.BPN-CGK.[BPN-BPN],,,,,,,,,
,,,GA0223.SOC-CGK.[SOC-SOC],,,,,,,,,
,,,GA0969.MED-CGK.[MED-MED],,,,,,,,,
,,,GA0330.HLP-SUB.[DPS-SUB],,,,,,,,,
,,,GA0330.HLP-SUB.[HLP-DPS],,,,,,,,,
,,,GA0301.SUB-CGK.[SUB-SUB],,,,,,,,,
,,,GA4822.CGK-DPS.[CGK-DPS],,,,,,,,,
,,,GA0106.CGK-PLM.[CGK-PLM],,,,,,,,,
,,,GA0495.DPS-CGK.[DPS-CGK],,,,,,,,,
,,,GA0111.PLM-CGK.[PLM-CGK],,,,,,,,,
,,,GA1460.CGK-BTJ.[CGK-BTJ],,,,,,,,,
,,,GA1470.BTJ-CGK.[BTJ-CGK],,,,,,,,,
,,,GA2042.CGK-YIA.[CGK-YIA],,,,,,,,,
,,,GA2052.YIA-CGK.[YIA-CGK],,,,,,,,,
,,,GA2314.SRG-CGK.[SRG-CGK],,,,,,,,,
,,,GA1906.CGK-MES.[CGK-MES],,,,,,,,,
,,,GA1937.MES-CGK.[MES-CGK],,,,,,,,,
,,,GA5302.CGK-BDJ.[CGK-BDJ],,,,,,,,,
,,,GA5352.BDJ-CGK.[BDJ-CGK],,,,,,,,,
,,,GA1722.CGK-PKU.[CGK-PKU],,,,,,,,,
,,,GA1752.PKU-CGK.[PKU-CGK],,,,,,,,,
,,,GA7442.CGK-TKG.[CGK-TKG],,,,,,,,,
,,,GA7542.TKG-CGK.[TKG-CGK],,,,,,,,,
,,,GA6862.DPS-SOQ.[DPS-SOQ],,,,,,,,,
,,,GA6872.SOQ-DPS.[SOQ-DPS],,,,,,,,,
,,,GA1362.CGK-PGK.[CGK-PGK],,,,,,,,,
,,,GA1372.PGK-CGK.[PGK-CGK],,,,,,,,,
,,,GA1382.CGK-PGK.[CGK-PGK],,,,,,,,,
,,,GA1392.PGK-CGK.[PGK-CGK],,,,,,,,,
,,,GA1542.CGK-BTH.[CGK-BTH],,,,,,,,,
,,,GA1572.BTH-CGK.[BTH-CGK],,,,,,,,,
,,,GA4282.CGK-DPS.[CGK-DPS],,,,,,,,,
,,,GA4832.DPS-CGK.[DPS-CGK],,,,,,,,,
,,,GA4682.CGK-DPS.[CGK-DPS],,,,,,,,,
,,,GA6001.CGK-UPG.[CGK-UPG],,,,,,,,,
,,,GA2464.CGK-SRG.[CGK-SRG],,,,,,,,,
,,,GA2222.CGK-SOC.[CGK-SOC],,,,,,,,,
,,,GA2252.SOC-CGK.[SOC-CGK],,,,,,,,,
,,,GA7544.TKG-CGK.[TKG-CGK],,,,,,,,,
,,,GA2962.CGK-BKS.[CGK-BKS],,,,,,,,,
,,,GA2972.BKS-CGK.[BKS-CGK],,,,,,,,,
,,,GA5042.CGK-PNK.[CGK-PNK],,,,,,,,,
,,,GA5092.PNK-CGK.[PNK-CGK],,,,,,,,,
,,,GA6442.CGK-GTO.[CGK-GTO],,,,,,,,,
,,,GA6452.GTO-CGK.[GTO-CGK],,,,,,,,,
,,,GA5602.CGK-BPN.[CGK-BPN],,,,,,,,,
,,,GA5632.BPN-CGK.[BPN-CGK],,,,,,,,,
,,,GA1482.CGK-PDG.[CGK-PDG],,,,,,,,,
,,,GA1492.PDG-CGK.[PDG-CGK],,,,,,,,,
,,,GA2062.CGK-YIA.[CGK-YIA],,,,,,,,,
,,,GA2072.YIA-CGK.[YIA-CGK],,,,,,,,,
,,,GA7444.CGK-TKG.[CGK-TKG],,,,,,,,,
,,,GA0992.CGK-JED.[CGK-JED],,,,,,,,,
,,,GA0993.JED-CGK.[JED-CGK],,,,,,,,,
,,,GA4292.DPS-CGK.[DPS-CGK],,,,,,,,,
,,,GA4952.DPS-CGK.[DPS-CGK],,,,,,,,,
,,,GA1564.CGK-BTH.[CGK-BTH],,,,,,,,,
,,,GA1594.BTH-CGK.[BTH-CGK],,,,,,,,,
,,,GA0175.PKU-CGK.[PKU-PKU],,,,,,,,,
,,,GA0401.DPS-CGK.[DPS-DPS],,,,,,,,,
,,,GA0410.CGK-DPS.[CGK-CGK],,,,,,,,,
,,,GA0867.BKK-CGK.[BKK-PLM],,,,,,,,,
,,,GA0867.BKK-CGK.[PLM-CGK],,,,,,,,,
,,,GA0187.MES-CGK.[MES-MES],,,,,,,,,
,,,GA0895.SHA-CGK.[SHA-SHA],,,,,,,,,
,,,GA0140.CGK-BTJ.[CGK-CGK],,,,,,,,,
,,,GA0313.SUB-CGK.[SUB-SUB],,,,,,,,,
,,,GA0421.DPS-CGK.[DPS-PLM],,,,,,,,,
,,,GA0421.DPS-CGK.[PLM-CGK],,,,,,,,,
,,,GA0635.DJJ-TIM.[DJJ-DJJ],,,,,,,,,
,,,GA0324.CGK-SUB.[CGK-DPS],,,,,,,,,
,,,GA0324.CGK-SUB.[DPS-SUB],,,,,,,,,
,,,GA8710.ICN-DPS.[ICN-DPS],,,,,,,,,
,,,GA4001.CGK-AMI.[CGK-AMI],,,,,,,,,
,,,GA0428.CGK-DPS.[CGK-DPS],,,,,,,,,
,,,GA4004.CGK-DPS.[CGK-DPS],,,,,,,,,
,,,GA3042.CGK-SUB.[CGK-SUB],,,,,,,,,
,,,GA6041.CGK-UPG.[CGK-UPG],,,,,,,,,
,,,GA0830.CGK-SIN.[CGK-SIN],,,,,,,,,
,,,GA1800.CGK-MES.[CGK-MES],,,,,,,,,
,,,GA6004.CGK-UPG.[CGK-UPG],,,,,,,,,
,,,GA4022.CGK-DPS.[CGK-DPS],,,,,,,,,
,,,GA4344.AMI-CGK.[AMI-CGK],,,,,,,,,
